stress_period,start_date,mid_date,end_date,width,rainfall,pomp,pompeast,palmaire,atlanticstage
1,1/1/1900,7/2/1903,1/1/1907,2557,0.004175342,0,0,0,-0.0384
2,1/1/1907,7/2/1918,1/1/1930,8401,0.004175342,0,0,0,-0.02167
3,1/1/1930,7/3/1935,1/1/1941,4018,0.004175342,0,0,0,0.0333
4,1/1/1941,1/16/1941,2/1/1941,31,0.001442065,0,0,0,0.094
5,2/1/1941,2/15/1941,3/1/1941,28,0.005243286,0,0,0,0.088
6,3/1/1941,3/16/1941,4/1/1941,31,0.003818194,0,0,0,-0.04
7,4/1/1941,4/16/1941,5/1/1941,30,0.0049784,0,0,0,0.033
8,5/1/1941,5/16/1941,6/1/1941,31,4.92E-05,0,0,0,0.064
9,6/1/1941,6/16/1941,7/1/1941,30,0.004868333,0,0,0,0.021
10,7/1/1941,7/16/1941,8/1/1941,31,0.007693742,0,0,0,-0.025
11,8/1/1941,8/16/1941,9/1/1941,31,0.003769032,0,0,0,0
12,9/1/1941,9/16/1941,10/1/1941,30,0.010608733,0,0,0,0.167
13,10/1/1941,10/16/1941,11/1/1941,31,0.001704258,0,0,0,0.106
14,11/1/1941,11/16/1941,12/1/1941,30,0.006129867,0,0,0,0.134
15,12/1/1941,12/16/1941,1/1/1942,31,0.001056968,0,0,0,0.015
16,1/1/1942,1/16/1942,2/1/1942,31,0.010250129,0,0,0,-0.006
17,2/1/1942,2/15/1942,3/1/1942,28,0.002041071,0,0,0,0.039
18,3/1/1942,3/16/1942,4/1/1942,31,0.001171677,0,0,0,-0.049
19,4/1/1942,4/16/1942,5/1/1942,30,0.009338733,0,0,0,0.079
20,5/1/1942,5/16/1942,6/1/1942,31,0.005137355,0,0,0,0.042
21,6/1/1942,6/16/1942,7/1/1942,30,0.0096266,0,0,0,0.039
22,7/1/1942,7/16/1942,8/1/1942,31,0.002269613,0,0,0,0.046
23,8/1/1942,8/16/1942,9/1/1942,31,0.002646516,0,0,0,0.024
24,9/1/1942,9/16/1942,10/1/1942,30,0.004834467,0,0,0,0.152
25,10/1/1942,10/16/1942,11/1/1942,31,0.00544871,0,0,0,0.338
26,11/1/1942,11/16/1942,12/1/1942,30,0.000237067,0,0,0,0.21
27,12/1/1942,12/16/1942,1/1/1943,31,0.004014839,0,0,0,0.015
28,1/1/1943,1/16/1943,2/1/1943,31,0.000442452,0,0,0,-0.037
29,2/1/1943,2/15/1943,3/1/1943,28,0.000136071,0,0,0,-0.037
30,3/1/1943,3/16/1943,4/1/1943,31,0.002523613,0,0,0,0.039
31,4/1/1943,4/16/1943,5/1/1943,30,0.002887133,0,0,0,0.064
32,5/1/1943,5/16/1943,6/1/1943,31,0.004662129,0,0,0,0.079
33,6/1/1943,6/16/1943,7/1/1943,30,0.003818467,0,0,0,0.073
34,7/1/1943,7/16/1943,8/1/1943,31,0.008316452,0,0,0,-0.003
35,8/1/1943,8/16/1943,9/1/1943,31,0.007521677,0,0,0,0.076
36,9/1/1943,9/16/1943,10/1/1943,30,0.005249333,0,0,0,0.216
37,10/1/1943,10/16/1943,11/1/1943,31,0.003826387,0,0,0,0.332
38,11/1/1943,11/16/1943,12/1/1943,30,0.002963333,0,0,0,0.137
39,12/1/1943,12/16/1943,1/1/1944,31,0.001007806,0,0,0,0.064
40,1/1/1944,1/16/1944,2/1/1944,31,0.001327355,0,0,0,0.042
41,2/1/1944,2/15/1944,3/1/1944,29,1.75E-05,0,0,0,-0.025
42,3/1/1944,3/16/1944,4/1/1944,31,0.004277032,0,0,0,0.006
43,4/1/1944,4/16/1944,5/1/1944,30,0.000745067,0,0,0,0.049
44,5/1/1944,5/16/1944,6/1/1944,31,0.004047613,0,0,0,0.085
45,6/1/1944,6/16/1944,7/1/1944,30,0.000491067,0,0,0,0.091
46,7/1/1944,7/16/1944,8/1/1944,31,0.010635226,0,0,0,0.1
47,8/1/1944,8/16/1944,9/1/1944,31,0.003793613,0,0,0,0.079
48,9/1/1944,9/16/1944,10/1/1944,30,0.002921,0,0,0,0.131
49,10/1/1944,10/16/1944,11/1/1944,31,0.009701161,0,0,0,0.244
50,11/1/1944,11/16/1944,12/1/1944,30,0.000270933,0,0,0,0.198
51,12/1/1944,12/16/1944,1/1/1945,31,0.000344129,0,0,0,0.015
52,1/1/1945,1/16/1945,2/1/1945,31,0.002261419,0,0,0,-0.015
53,2/1/1945,2/15/1945,3/1/1945,28,0.000979714,0,0,0,-0.11
54,3/1/1945,3/16/1945,4/1/1945,31,3.28E-05,0,0,0,-0.061
55,4/1/1945,4/16/1945,5/1/1945,30,0.000448733,0,0,0,0.021
56,5/1/1945,5/16/1945,6/1/1945,31,0.000868516,0,0,0,0.036
57,6/1/1945,6/16/1945,7/1/1945,30,0.0032258,0,0,0,0.006
58,7/1/1945,7/16/1945,8/1/1945,31,0.005932129,0,0,0,0.024
59,8/1/1945,8/16/1945,9/1/1945,31,0.006472903,0,0,0,0.116
60,9/1/1945,9/16/1945,10/1/1945,30,0.0089154,0,0,0,0.131
61,10/1/1945,10/16/1945,11/1/1945,31,0.005522452,0,0,0,0.244
62,11/1/1945,11/16/1945,12/1/1945,30,0.001524,0,0,0,0.189
63,12/1/1945,12/16/1945,1/1/1946,31,0.001032387,0,0,0,0.097
64,1/1/1946,1/16/1946,2/1/1946,31,0.002474452,0,0,0,-0.022
65,2/1/1946,2/15/1946,3/1/1946,28,0.000644071,0,0,0,-0.003
66,3/1/1946,3/16/1946,4/1/1946,31,0.000630903,0,0,0,0.027
67,4/1/1946,4/16/1946,5/1/1946,30,0.002794,0,0,0,0.097
68,5/1/1946,5/16/1946,6/1/1946,31,0.00445729,0,0,0,0.015
69,6/1/1946,6/16/1946,7/1/1946,30,0.004910667,0,0,0,-0.003
70,7/1/1946,7/16/1946,8/1/1946,31,0.007013677,0,0,0,-0.006
71,8/1/1946,8/16/1946,9/1/1946,31,0.004981677,0,0,0,0.103
72,9/1/1946,9/16/1946,10/1/1946,30,0.004758267,0,0,0,0.247
73,10/1/1946,10/16/1946,11/1/1946,31,0.002302387,0,0,0,0.308
74,11/1/1946,11/16/1946,12/1/1946,30,0.005376333,0,0,0,0.253
75,12/1/1946,12/16/1946,1/1/1947,31,0.002261419,0,0,0,0.21
76,1/1/1947,1/16/1947,2/1/1947,31,0.002154903,0,0,0,0.021
77,2/1/1947,2/15/1947,3/1/1947,28,0.002884714,0,0,0,0.07
78,3/1/1947,3/16/1947,4/1/1947,31,0.002474452,0,0,0,0.021
79,4/1/1947,4/16/1947,5/1/1947,30,0.002243667,0,0,0,-0.009
80,5/1/1947,5/16/1947,6/1/1947,31,0.003179097,0,0,0,0.122
81,6/1/1947,6/16/1947,7/1/1947,30,0.0111506,0,0,0,0.17
82,7/1/1947,7/16/1947,8/1/1947,31,0.009856839,0,0,0,0.067
83,8/1/1947,8/16/1947,9/1/1947,31,0.006448323,0,0,0,0.103
84,9/1/1947,9/16/1947,10/1/1947,30,0.012954,0,0,0,0.195
85,10/1/1947,10/16/1947,11/1/1947,31,0.020549419,0,0,0,0.314
86,11/1/1947,11/16/1947,12/1/1947,30,0.0036068,0,0,0,0.338
87,12/1/1947,12/16/1947,1/1/1948,31,0.000385097,0,0,0,0.256
88,1/1/1948,1/16/1948,2/1/1948,31,0.001114323,0,0,0,0.134
89,2/1/1948,2/15/1948,3/1/1948,29,3.50E-05,0,0,0,0.11
90,3/1/1948,3/16/1948,4/1/1948,31,0.000909484,0,0,0,0.11
91,4/1/1948,4/16/1948,5/1/1948,30,0.004656667,0,0,0,0.17
92,5/1/1948,5/16/1948,6/1/1948,31,0.000491613,0,0,0,0.183
93,6/1/1948,6/16/1948,7/1/1948,30,0.002861733,0,0,0,0.152
94,7/1/1948,7/16/1948,8/1/1948,31,0.00671871,0,0,0,0.143
95,8/1/1948,8/16/1948,9/1/1948,31,0.007558548,0,0,0,0.137
96,9/1/1948,9/16/1948,10/1/1948,30,0.0136144,0,0,0,0.283
97,10/1/1948,10/16/1948,11/1/1948,31,0.012974484,0,0,0,0.369
98,11/1/1948,11/16/1948,12/1/1948,30,0.000110067,0,0,0,0.198
99,12/1/1948,12/16/1948,1/1/1949,31,0.001851742,0,0,0,0.113
100,1/1/1949,1/16/1949,2/1/1949,31,0.000303161,0,0,0,-0.028
101,2/1/1949,2/15/1949,3/1/1949,28,0.000136071,0,0,0,-0.018
102,3/1/1949,3/16/1949,4/1/1949,31,0.002455606,0,0,0,0.036
103,4/1/1949,4/16/1949,5/1/1949,30,0.002484967,0,0,0,0.03
104,5/1/1949,5/16/1949,6/1/1949,31,0.003584677,0,0,0,0.091
105,6/1/1949,6/16/1949,7/1/1949,30,0.0078486,0,0,0,0.094
106,7/1/1949,7/16/1949,8/1/1949,31,0.006497484,0,0,0,0.097
107,8/1/1949,8/16/1949,9/1/1949,31,0.010086258,0,0,0,0.07
108,9/1/1949,9/16/1949,10/1/1949,30,0.007704667,0,0,0,0.195
109,10/1/1949,10/16/1949,11/1/1949,31,0.003359355,0,0,0,0.335
110,11/1/1949,11/16/1949,12/1/1949,30,0.001312333,0,0,0,0.158
111,12/1/1949,12/16/1949,1/1/1950,31,0.007230806,0,0,0,0.058
112,1/1/1950,1/16/1950,2/1/1950,31,0.000688258,-4414.685633,-4414.685633,0,0.021
113,2/1/1950,2/15/1950,3/1/1950,28,0.000498929,-4734.468616,-4734.468616,0,0.039
114,3/1/1950,3/16/1950,4/1/1950,31,0.002048387,-5965.48337,-5965.48337,0,0.018
115,4/1/1950,4/16/1950,5/1/1950,30,0.001439333,-6366.221445,-6366.221445,0,0.082
116,5/1/1950,5/16/1950,6/1/1950,31,0.003195484,-5554.379508,-5554.379508,0,0.061
117,6/1/1950,6/16/1950,7/1/1950,30,0.000872067,-3673.531851,-3673.531851,0,0.006
118,7/1/1950,7/16/1950,8/1/1950,31,0.003728065,-2934.711729,-2934.711729,0,0.006
119,8/1/1950,8/16/1950,9/1/1950,31,0.007456129,-4218.495473,-4218.495473,0,0.164
120,9/1/1950,9/16/1950,10/1/1950,30,0.003839633,-2744.002954,-2744.002954,0,0.186
121,10/1/1950,10/16/1950,11/1/1950,31,0.009611032,-3419.895693,-3419.895693,0,0.268
122,11/1/1950,11/16/1950,12/1/1950,30,0.002484967,-4162.270575,-4162.270575,0,0.097
123,12/1/1950,12/16/1950,1/1/1951,31,0.001097935,-4443.177979,-4443.177979,0,0.058
124,1/1/1951,1/16/1951,2/1/1951,31,2.46E-05,-4414.685633,-4414.685633,0,0.024
125,2/1/1951,2/15/1951,3/1/1951,28,0.001945821,-4734.468616,-4734.468616,0,0.033
126,3/1/1951,3/16/1951,4/1/1951,31,0.001601839,-5965.48337,-5965.48337,0,0.042
127,4/1/1951,4/16/1951,5/1/1951,30,0.002620433,-6366.221445,-6366.221445,0,0.067
128,5/1/1951,5/16/1951,6/1/1951,31,0.001524,-5554.379508,-5554.379508,0,0.085
129,6/1/1951,6/16/1951,7/1/1951,30,0.0037973,-3673.531851,-3673.531851,0,0.049
130,7/1/1951,7/16/1951,8/1/1951,31,0.006803103,-2934.711729,-2934.711729,0,0.03
131,8/1/1951,8/16/1951,9/1/1951,31,0.004428613,-4218.495473,-4218.495473,0,0.097
132,9/1/1951,9/16/1951,10/1/1951,30,0.0090424,-2744.002954,-2744.002954,0,0.146
133,10/1/1951,10/16/1951,11/1/1951,31,0.011946194,-3419.895693,-3419.895693,0,0.329
134,11/1/1951,11/16/1951,12/1/1951,30,0.000643467,-4162.270575,-4162.270575,0,0.222
135,12/1/1951,12/16/1951,1/1/1952,31,0.000180258,-4443.177979,-4443.177979,0,0.106
136,1/1/1952,1/16/1952,2/1/1952,31,0.001255252,-4414.685633,-4414.685633,0,0.027
137,2/1/1952,2/15/1952,3/1/1952,29,0.002008352,-4571.211077,-4571.211077,0,0.0075
138,3/1/1952,3/16/1952,4/1/1952,31,0.00308651,-5965.48337,-5965.48337,0,-0.005
139,4/1/1952,4/16/1952,5/1/1952,30,0.00100584,-6366.221445,-6366.221445,0,0.047
140,5/1/1952,5/16/1952,6/1/1952,31,0.003093884,-5554.379508,-5554.379508,0,0.102
141,6/1/1952,6/16/1952,7/1/1952,30,0.000410633,-3673.531851,-3673.531851,0,0.067
142,7/1/1952,7/16/1952,8/1/1952,31,0.004277032,-2934.711729,-2934.711729,0,0.0575
143,8/1/1952,8/16/1952,9/1/1952,31,0.009878961,-4218.495473,-4218.495473,0,0.143
144,9/1/1952,9/16/1952,10/1/1952,30,0.006655647,-2744.002954,-2744.002954,0,0.1675
145,10/1/1952,10/16/1952,11/1/1952,31,0.010345994,-3419.895693,-3419.895693,0,0.2895
146,11/1/1952,11/16/1952,12/1/1952,30,0.000326813,-4162.270575,-4162.270575,0,0.1595
147,12/1/1952,12/16/1952,1/1/1953,31,0.000944716,-4443.177979,-4443.177979,0,0.079
148,1/1/1953,1/16/1953,2/1/1953,31,0.002993923,-6622.028449,-6622.028449,0,0.027
149,2/1/1953,2/15/1953,3/1/1953,28,0.001960336,-7101.702923,-7101.702923,0,0.0075
150,3/1/1953,3/16/1953,4/1/1953,31,0.000635,-8948.225055,-8948.225055,0,-0.005
151,4/1/1953,4/16/1953,5/1/1953,30,0.004174067,-9549.332167,-9549.332167,0,0.047
152,5/1/1953,5/16/1953,6/1/1953,31,0.001519084,-8331.569262,-8331.569262,0,0.102
153,6/1/1953,6/16/1953,7/1/1953,30,0.005477933,-5510.297777,-5510.297777,0,0.067
154,7/1/1953,7/16/1953,8/1/1953,31,0.00760771,-4402.067593,-4402.067593,0,0.0575
155,8/1/1953,8/16/1953,9/1/1953,31,0.006499123,-6327.743209,-6327.743209,0,0.143
156,9/1/1953,9/16/1953,10/1/1953,30,0.021082847,-4116.004431,-4116.004431,0,0.1675
157,10/1/1953,10/16/1953,11/1/1953,31,0.015147413,-5129.843539,-5129.843539,0,0.2895
158,11/1/1953,11/16/1953,12/1/1953,30,0.002584873,-6243.405862,-6243.405862,0,0.1595
159,12/1/1953,12/16/1953,1/1/1954,31,0.002191774,-6664.766969,-6664.766969,0,0.079
160,1/1/1954,1/16/1954,2/1/1954,31,0.000401484,-6622.028449,-6622.028449,0,0.027
161,2/1/1954,2/15/1954,3/1/1954,28,0.001172936,-7101.702923,-7101.702923,0,0.0075
162,3/1/1954,3/16/1954,4/1/1954,31,0.002373671,-8948.225055,-8948.225055,0,-0.005
163,4/1/1954,4/16/1954,5/1/1954,30,0.00668274,-9549.332167,-9549.332167,0,0.047
164,5/1/1954,5/16/1954,6/1/1954,31,0.007233265,-8331.569262,-8331.569262,0,0.102
165,6/1/1954,6/16/1954,7/1/1954,30,0.01005586,-5510.297777,-5510.297777,0,0.067
166,7/1/1954,7/16/1954,8/1/1954,31,0.006746568,-4402.067593,-4402.067593,0,0.0575
167,8/1/1954,8/16/1954,9/1/1954,31,0.0023368,-6327.743209,-6327.743209,0,0.143
168,9/1/1954,9/16/1954,10/1/1954,30,0.011100647,-4116.004431,-4116.004431,0,0.1675
169,10/1/1954,10/16/1954,11/1/1954,31,0.003742813,-5129.843539,-5129.843539,0,0.2895
170,11/1/1954,11/16/1954,12/1/1954,30,0.00751586,-6243.405862,-6243.405862,0,0.1595
171,12/1/1954,12/16/1954,1/1/1955,31,0.000778387,-6664.766969,-6664.766969,0,0.079
172,1/1/1955,1/16/1955,2/1/1955,31,0.000875071,-6622.028449,-6622.028449,0,0.03
173,2/1/1955,2/15/1955,3/1/1955,28,0.001052286,-7101.702923,-7101.702923,0,0.0075
174,3/1/1955,3/16/1955,4/1/1955,31,0.0011684,-8948.225055,-8948.225055,0,-0.052
175,4/1/1955,4/16/1955,5/1/1955,30,0.001085427,-9549.332167,-9549.332167,0,0.027
176,5/1/1955,5/16/1955,6/1/1955,31,0.002386781,-8331.569262,-8331.569262,0,0.119
177,6/1/1955,6/16/1955,7/1/1955,30,0.010316633,-5510.297777,-5510.297777,0,0.085
178,7/1/1955,7/16/1955,8/1/1955,31,0.002777613,-6526.782604,-6526.782604,0,0.085
179,8/1/1955,8/16/1955,9/1/1955,31,0.004200013,-7162.976006,-7162.976006,0,0.189
180,9/1/1955,9/16/1955,10/1/1955,30,0.003867573,-5551.937307,-5551.937307,0,0.189
181,10/1/1955,10/16/1955,11/1/1955,31,0.003609258,-6020.025863,-6020.025863,0,0.25
182,11/1/1955,11/16/1955,12/1/1955,30,0.0005207,-9145.554909,-9145.554909,0,0.097
183,12/1/1955,12/16/1955,1/1/1956,31,0.003152058,-7773.526296,-7773.526296,0,0.052
184,1/1/1956,1/16/1956,2/1/1956,31,0.000984045,-7834.581325,-7834.581325,0,0.094
185,2/1/1956,2/15/1956,3/1/1956,29,0.000428297,-9573.175911,-9573.175911,0,-0.018
186,3/1/1956,3/16/1956,4/1/1956,31,0.000760361,-11598.01331,-11598.01331,0,-0.009
187,4/1/1956,4/16/1956,5/1/1956,30,0.001306407,-9879.924798,-9879.924798,0,0.024
188,5/1/1956,5/16/1956,6/1/1956,31,0.002215535,-10024.01467,-10024.01467,0,0.064
189,6/1/1956,6/16/1956,7/1/1956,30,0.002772833,-10151.21264,-10151.21264,0,0.058
190,7/1/1956,7/16/1956,8/1/1956,31,0.001846006,-10843.37316,-10843.37316,0,0.036
191,8/1/1956,8/16/1956,9/1/1956,31,0.005630606,-10710.27319,-10710.27319,0,0.07
192,9/1/1956,9/16/1956,10/1/1956,30,0.006203527,-5645.310798,-5645.310798,0,0.201
193,10/1/1956,10/16/1956,11/1/1956,31,0.005134077,-6691.631182,-6691.631182,0,0.311
194,11/1/1956,11/16/1956,12/1/1956,30,0.0017018,-9228.833968,-9228.833968,0,0.259
195,12/1/1956,12/16/1956,1/1/1957,31,0.000245806,-10839.70985,-10839.70985,0,-0.073
196,1/1/1957,1/16/1957,2/1/1957,31,0.000526026,-10783.53923,-10783.53923,0,-0.049
197,2/1/1957,2/15/1957,3/1/1957,28,0.007291614,-10132.73623,-10132.73623,0,0.076
198,3/1/1957,3/16/1957,4/1/1957,31,0.001328994,-8896.938831,-8896.938831,0,0.113
199,4/1/1957,4/16/1957,5/1/1957,30,0.008520853,-9026.945339,-9026.945339,0,0.03
200,5/1/1957,5/16/1957,6/1/1957,31,0.008294329,-7333.930087,-7333.930087,0,0.097
201,6/1/1957,6/16/1957,7/1/1957,30,0.004304453,-12138.55384,-12138.55384,0,0.119
202,7/1/1957,7/16/1957,8/1/1957,31,0.004899742,-8268.072032,-8268.072032,0,0.097
203,8/1/1957,8/16/1957,9/1/1957,31,0.011516032,-8210.680304,-8210.680304,0,0.119
204,9/1/1957,9/16/1957,10/1/1957,30,0.003804073,-8100.781252,-8100.781252,0,0.174
205,10/1/1957,10/16/1957,11/1/1957,31,0.006077974,-7523.200677,-7523.200677,0,0.347
206,11/1/1957,11/16/1957,12/1/1957,30,0.001867747,-11243.93485,-11243.93485,0,0.207
207,12/1/1957,12/16/1957,1/1/1958,31,0.006144342,-10009.36146,-10009.36146,0,0.091
208,1/1/1958,1/16/1958,2/1/1958,31,0.006440129,-7734.451078,-7734.451078,0,0.1
209,2/1/1958,2/15/1958,3/1/1958,28,0.001233714,-11592.82364,-11592.82364,0,-0.064
210,3/1/1958,3/16/1958,4/1/1958,31,0.007075948,-10563.74112,-10563.74112,0,0.009
211,4/1/1958,4/16/1958,5/1/1958,30,0.001251373,-13154.30601,-13154.30601,0,0.021
212,5/1/1958,5/16/1958,6/1/1958,31,0.008633542,-11245.11525,-11245.11525,0,0.021
213,6/1/1958,6/16/1958,7/1/1958,30,0.00437134,-12817.40435,-12817.40435,0,0.067
214,7/1/1958,7/16/1958,8/1/1958,31,0.003533058,-15068.38117,-15068.38117,0,-0.006
215,8/1/1958,8/16/1958,9/1/1958,31,0.004022213,-13776.45675,-13776.45675,0,0.061
216,9/1/1958,9/16/1958,10/1/1958,30,0.0055499,-14146.0839,-14146.0839,0,0.183
217,10/1/1958,10/16/1958,11/1/1958,31,0.002403168,-15743.64979,-15743.64979,0,0.335
218,11/1/1958,11/16/1958,12/1/1958,30,0.002614507,-14296.23856,-14296.23856,0,0.155
219,12/1/1958,12/16/1958,1/1/1959,31,0.007450394,-9291.354318,-9291.354318,0,0.125
220,1/1/1959,1/16/1959,2/1/1959,31,0.002242574,-11538.17939,-11538.17939,0,0.055
221,2/1/1959,2/15/1959,3/1/1959,28,0.001766207,-13112.39609,-13112.39609,0,0.006
222,3/1/1959,3/16/1959,4/1/1959,31,0.005323348,-11655.40504,-11655.40504,0,0.024
223,4/1/1959,4/16/1959,5/1/1959,30,0.002256367,-17981.96785,-17981.96785,0,0.033
224,5/1/1959,5/16/1959,6/1/1959,31,0.004672781,-18101.59501,-18101.59501,0,0.07
225,6/1/1959,6/16/1959,7/1/1959,30,0.012381653,-13848.29817,-13848.29817,0,0.128
226,7/1/1959,7/16/1959,8/1/1959,31,0.006853903,-17216.29709,-17216.29709,0,0.058
227,8/1/1959,8/16/1959,9/1/1959,31,0.005837084,-13817.97417,-13817.97417,0,0.058
228,9/1/1959,9/16/1959,10/1/1959,30,0.00690372,-10163.83068,-10163.83068,0,0.149
229,10/1/1959,10/16/1959,11/1/1959,31,0.00885231,-9348.746045,-9348.746045,0,0.234
230,11/1/1959,11/16/1959,12/1/1959,30,0.005098627,-11255.29109,-11255.29109,0,0.271
231,12/1/1959,12/16/1959,1/1/1960,31,0.002541639,-15567.8113,-15567.8113,0,0.152
232,1/1/1960,1/16/1960,2/1/1960,31,0.000239252,-18437.39767,-18437.39767,0,0.128
233,2/1/1960,2/15/1960,3/1/1960,29,0.001553779,-15682.04737,-15682.04737,0,0.061
234,3/1/1960,3/16/1960,4/1/1960,31,0.001306052,-18679.17558,-18679.17558,0,0.039
235,4/1/1960,4/16/1960,5/1/1960,30,0.005873327,-20326.39956,-20326.39956,0,0.073
236,5/1/1960,5/16/1960,6/1/1960,31,0.004255729,-21266.68771,-21266.68771,0,0.131
237,6/1/1960,6/16/1960,7/1/1960,30,0.006480387,-13710.76154,-13710.76154,0,0.164
238,7/1/1960,7/16/1960,8/1/1960,31,0.006445045,-22060.40309,-22060.40309,0,0.134
239,8/1/1960,8/16/1960,9/1/1960,31,0.007179187,-14971.91422,-14971.91422,0,0.122
240,9/1/1960,9/16/1960,10/1/1960,30,0.019012747,-9978.345505,-9978.345505,0,0.256
241,10/1/1960,10/16/1960,11/1/1960,31,0.006354097,-9540.458837,-9540.458837,0,0.277
242,11/1/1960,11/16/1960,12/1/1960,30,0.001537547,-15060.89175,-15060.89175,0,0.186
243,12/1/1960,12/16/1960,1/1/1961,31,0.000458019,-31741.28849,-31741.28849,0,0.137
244,1/1/1961,1/16/1961,2/1/1961,31,0.005365955,-17609.49147,-17609.49147,0,0.064
245,2/1/1961,2/15/1961,3/1/1961,28,0.000543379,-23438.45871,-23438.45871,0,0.058
246,3/1/1961,3/16/1961,4/1/1961,31,0.000600587,-28987.70668,-28987.70668,0,0.131
247,4/1/1961,4/16/1961,5/1/1961,30,0.000855133,-30405.68938,-30405.68938,0,0.094
248,5/1/1961,5/16/1961,6/1/1961,31,0.007615084,-24977.61238,-24977.61238,0,0.064
249,6/1/1961,6/16/1961,7/1/1961,30,0.003013287,-21608.39236,-21608.39236,0,0.079
250,7/1/1961,7/16/1961,8/1/1961,31,0.001412568,-28794.77279,-28794.77279,0,0.018
251,8/1/1961,8/16/1961,9/1/1961,31,0.005864123,-21806.41417,-21806.41417,0,0.094
252,9/1/1961,9/16/1961,10/1/1961,30,0.00420116,-23846.83254,-23846.83254,0,0.137
253,10/1/1961,10/16/1961,11/1/1961,31,0.005208639,-18128.45922,-18128.45922,0,0.302
254,11/1/1961,11/16/1961,12/1/1961,30,0.000839047,-22014.69322,-22014.69322,0,0.213
255,12/1/1961,12/16/1961,1/1/1962,31,0.0005334,-23484.20637,-23484.20637,0,0.082
256,1/1/1962,1/16/1962,2/1/1962,31,0.000675968,-18445.94537,-18445.94537,0,0.027
257,2/1/1962,2/15/1962,3/1/1962,28,0.000878114,-28544.70884,-28544.70884,0,0.07
258,3/1/1962,3/16/1962,4/1/1962,31,0.002169652,-28986.48558,-28986.48558,0,0.21
259,4/1/1962,4/16/1962,5/1/1962,30,0.004129193,-25676.44824,-25676.44824,0,0.024
260,5/1/1962,5/16/1962,6/1/1962,31,0.001528097,-25545.42415,-25545.42415,0,0.149
261,6/1/1962,6/16/1962,7/1/1962,30,0.006907107,-18452.62072,-18452.62072,0,0.131
262,7/1/1962,7/16/1962,8/1/1962,31,0.006396703,-22120.23702,-22120.23702,0,0.116
263,8/1/1962,8/16/1962,9/1/1962,31,0.004744065,-25273.11872,-25273.11872,0,0.128
264,9/1/1962,9/16/1962,10/1/1962,30,0.00760222,-20727.65321,-20727.65321,0,0.216
265,10/1/1962,10/16/1962,11/1/1962,31,0.00130851,-26323.26522,-26323.26522,0,0.271
266,11/1/1962,11/16/1962,12/1/1962,30,0.001017693,-25339.54659,-25339.54659,0,0.183
267,12/1/1962,12/16/1962,1/1/1963,31,0.000680065,-27284.27137,-27284.27137,0,0.158
268,1/1/1963,1/16/1963,2/1/1963,31,0.001370781,-21665.9876,-21665.9876,0,0.094
269,2/1/1963,2/15/1963,3/1/1963,28,0.005790293,-19842.3175,-19842.3175,0,0.039
270,3/1/1963,3/16/1963,4/1/1963,31,0.001170039,-32387.2507,-32387.2507,0,-0.009
271,4/1/1963,4/16/1963,5/1/1963,30,0.00067818,-38686.9086,-38686.9086,0,0.027
272,5/1/1963,5/16/1963,6/1/1963,31,0.007831394,-31251.62716,-31251.62716,0,0.106
273,6/1/1963,6/16/1963,7/1/1963,30,0.00725424,-20739.00945,-20739.00945,0,0.018
274,7/1/1963,7/16/1963,8/1/1963,31,0.002496574,-33829.37049,-33829.37049,0,0.11
275,8/1/1963,8/16/1963,9/1/1963,31,0.005009535,-33204.16699,-33204.16699,0,0.067
276,9/1/1963,9/16/1963,10/1/1963,30,0.01257808,-18891.72849,-18891.72849,0,0.241
277,10/1/1963,10/16/1963,11/1/1963,31,0.007375013,-22059.18199,-22059.18199,0,0.356
278,11/1/1963,11/16/1963,12/1/1963,30,0.001308947,-27061.90896,-27061.90896,0,0.231
279,12/1/1963,12/16/1963,1/1/1964,31,0.002826774,-28080.42895,-28080.42895,0,0.058
280,1/1/1964,1/16/1964,2/1/1964,31,0.001369961,-23673.47696,-23673.47696,0,-0.022
281,2/1/1964,2/15/1964,3/1/1964,29,0.002940269,-24435.48583,-24435.48583,0,-0.046
282,3/1/1964,3/16/1964,4/1/1964,31,0.001335548,-32813.4148,-32813.4148,0,-0.028
283,4/1/1964,4/16/1964,5/1/1964,30,0.002962487,-39129.80178,-39129.80178,0,0.033
284,5/1/1964,5/16/1964,6/1/1964,31,0.005163574,-27042.49346,-27042.49346,0,0.189
285,6/1/1964,6/16/1964,7/1/1964,30,0.006547273,-32964.62776,-32964.62776,0,0.125
286,7/1/1964,7/16/1964,8/1/1964,31,0.002665361,-36018.80383,-36018.80383,0,0.073
287,8/1/1964,8/16/1964,9/1/1964,31,0.007997723,-28668.99943,-28668.99943,0,0.113
288,9/1/1964,9/16/1964,10/1/1964,30,0.003440853,-25075.82957,-25075.82957,0,0.262
289,10/1/1964,10/16/1964,11/1/1964,31,0.012125632,-21607.37477,-21607.37477,0,0.256
290,11/1/1964,11/16/1964,12/1/1964,30,0.0013589,-26202.62048,-26202.62048,0,0.222
291,12/1/1964,12/16/1964,1/1/1965,31,0.001669026,-23849.31544,-23849.31544,0,0.128
292,1/1/1965,1/16/1965,2/1/1965,31,0.00026629,-28132.93628,-28132.93628,0,0.1
293,2/1/1965,2/15/1965,3/1/1965,28,0.004509407,-25232.47351,-25232.47351,0,0.076
294,3/1/1965,3/16/1965,4/1/1965,31,0.000662858,-36337.51108,-36337.51108,0,0.03
295,4/1/1965,4/16/1965,5/1/1965,30,0.001566333,-45929.66317,-45929.66317,0,0.076
296,5/1/1965,5/16/1965,6/1/1965,31,0.000705465,-48019.78033,-48019.78033,0,0.042
297,6/1/1965,6/16/1965,7/1/1965,30,0.009252373,-26945.823,-26945.823,0,0.076
298,7/1/1965,7/16/1965,8/1/1965,31,0.008921135,-28644.57742,-28644.57742,0,0.073
299,8/1/1965,8/16/1965,9/1/1965,31,0.003470787,-31885.37836,-31885.37836,0,0.094
300,9/1/1965,9/16/1965,10/1/1965,30,0.006445673,-26463.81389,-26463.81389,0,0.247
301,10/1/1965,10/16/1965,11/1/1965,31,0.020229871,-24392.7052,-24392.7052,0,0.2375
302,11/1/1965,11/16/1965,12/1/1965,30,0.001507913,-22797.01166,-22797.01166,0,0.271
303,12/1/1965,12/16/1965,1/1/1966,31,0.000970935,-31083.11528,-31083.11528,0,0.137
304,1/1/1966,1/16/1966,2/1/1966,31,0.002798916,-25781.09656,-25781.09656,0,0.167
305,2/1/1966,2/15/1966,3/1/1966,28,0.004723493,-33173.7267,-33173.7267,0,0.076
306,3/1/1966,3/16/1966,4/1/1966,31,0.0017526,-36369.25969,-36369.25969,0,0.07
307,4/1/1966,4/16/1966,5/1/1966,30,0.0017526,-39862.90986,-39862.90986,0,0.094
308,5/1/1966,5/16/1966,6/1/1966,31,0.004640006,-35322.7765,-35322.7765,0,0.11
309,6/1/1966,6/16/1966,7/1/1966,30,0.015162107,-23190.69449,-23190.69449,0,0.088
310,7/1/1966,7/16/1966,8/1/1966,31,0.006390968,-25595.48927,-25595.48927,0,0.073
311,8/1/1966,8/16/1966,9/1/1966,31,0.004315542,-30699.6897,-30699.6897,0,0.094
312,9/1/1966,9/16/1966,10/1/1966,30,0.004585547,-27169.16229,-27169.16229,0,0.167
313,10/1/1966,10/16/1966,11/1/1966,31,0.008715477,-24559.99598,-24559.99598,0,0.219
314,11/1/1966,11/16/1966,12/1/1966,30,0.000821267,-31826.48061,-31826.48061,0,0.234
315,12/1/1966,12/16/1966,1/1/1967,31,0.000591574,-36480.37985,-36480.37985,0,0.119
316,1/1/1967,1/16/1967,2/1/1967,31,0.002487561,-30133.09903,-30133.09903,0,0.052
317,2/1/1967,2/15/1967,3/1/1967,28,0.0016637,-33687.46115,-33687.46115,0,0.036
318,3/1/1967,3/16/1967,4/1/1967,31,0.001428955,-39415.90564,-39415.90564,0,0.046
319,4/1/1967,4/16/1967,5/1/1967,30,3.30E-05,-51530.81083,-51530.81083,0,0.116
320,5/1/1967,5/16/1967,6/1/1967,31,0.001175774,-49267.74513,-49267.74513,0,0.085
321,6/1/1967,6/16/1967,7/1/1967,30,0.015451667,-27261.27398,-27261.27398,0,0.167
322,7/1/1967,7/16/1967,8/1/1967,31,0.003210232,-42241.53239,-42241.53239,0,0.07
323,8/1/1967,8/16/1967,9/1/1967,31,0.00455889,-35659.80026,-35659.80026,0,0.161
324,9/1/1967,9/16/1967,10/1/1967,30,0.00506476,-39030.11927,-39030.11927,0,0.225
325,10/1/1967,10/16/1967,11/1/1967,31,0.009419303,-25604.03697,-25604.03697,0,0.253
326,11/1/1967,11/16/1967,12/1/1967,30,0.00107188,-34310.97256,-34310.97256,0,0.241
327,12/1/1967,12/16/1967,1/1/1968,31,0.001556774,-36493.81195,-36493.81195,0,0.137
328,1/1/1968,1/16/1968,2/1/1968,31,0.000797232,-38885.94799,-38885.94799,0,0.155
329,2/1/1968,2/15/1968,3/1/1968,29,0.002026745,-38025.11419,-38025.11419,0,0.131
330,3/1/1968,3/16/1968,4/1/1968,31,0.001173316,-42959.53953,-42959.53953,0,0.061
331,4/1/1968,4/16/1968,5/1/1968,30,0.001294553,-55323.79346,-55323.79346,0,0.064
332,5/1/1968,5/16/1968,6/1/1968,31,0.013586542,-31613.07293,-31613.07293,0,0.064
333,6/1/1968,6/16/1968,7/1/1968,30,0.01378204,-25600.74,-25600.74,0,0.03
334,7/1/1968,7/16/1968,8/1/1968,31,0.006425381,-43815.53103,-43815.53103,0,0.085
335,8/1/1968,8/16/1968,9/1/1968,31,0.006472903,-49262.86072,-49262.86072,0,0.161
336,9/1/1968,9/16/1968,10/1/1968,30,0.008845127,-35141.23954,-35141.23954,0,0.216
337,10/1/1968,10/16/1968,11/1/1968,31,0.009152194,-29285.65523,-29285.65523,0,0.256
338,11/1/1968,11/16/1968,12/1/1968,30,0.00136906,-40414.31818,-40414.31818,0,0.137
339,12/1/1968,12/16/1968,1/1/1969,31,0.000104877,-49750.07986,-49750.07986,0,0.103
340,1/1/1969,1/16/1969,2/1/1969,31,0.003651045,-34551.04093,-34551.04093,0,0.1035
341,2/1/1969,2/15/1969,3/1/1969,28,0.001648279,-43895.90562,-43895.90562,0,0.155
342,3/1/1969,3/16/1969,4/1/1969,31,0.004322916,-38949.44522,-38949.44522,0,0.035
343,4/1/1969,4/16/1969,5/1/1969,30,0.001939713,-44401.61861,-44401.61861,0,0.061
344,5/1/1969,5/16/1969,6/1/1969,31,0.007409426,-34922.25551,-34922.25551,0,0.096
345,6/1/1969,6/16/1969,7/1/1969,30,0.007968827,-34710.9644,-34710.9644,0,0.0745
346,7/1/1969,7/16/1969,8/1/1969,31,0.007269316,-42585.88275,-42585.88275,0,0.17
347,8/1/1969,8/16/1969,9/1/1969,31,0.004100871,-46785.24765,-46785.24765,0,0.192
348,9/1/1969,9/16/1969,10/1/1969,30,0.0061849,-37355.70545,-37355.70545,0,0.234
349,10/1/1969,10/16/1969,11/1/1969,31,0.010068232,-39257.16257,-39257.16257,0,0.366
350,11/1/1969,11/16/1969,12/1/1969,30,0.00397764,-40033.25339,-40033.25339,0,0.244
351,12/1/1969,12/16/1969,1/1/1970,31,0.000910303,-46920.78981,-46920.78981,0,0.082
352,1/1/1970,1/16/1970,2/1/1970,31,0.002919361,-43551.77331,-43551.77331,0,0.052
353,2/1/1970,2/15/1970,3/1/1970,28,0.002473779,-44782.77353,-44782.77353,0,0.021
354,3/1/1970,3/16/1970,4/1/1970,31,0.00869991,-43922.98789,-43922.98789,0,0.009
355,4/1/1970,4/16/1970,5/1/1970,30,7.28E-05,-66245.9683,-66245.9683,0,0.058
356,5/1/1970,5/16/1970,6/1/1970,31,0.004551516,-61409.1482,-61409.1482,0,0.128
357,6/1/1970,6/16/1970,7/1/1970,30,0.010316633,-39428.84931,-39428.84931,0,0.119
358,7/1/1970,7/16/1970,8/1/1970,31,0.00412709,-47781.66572,-47781.66572,0,0.061
359,8/1/1970,8/16/1970,9/1/1970,31,0.003651865,-59474.92488,-59474.92488,0,0.177
360,9/1/1970,9/16/1970,10/1/1970,30,0.004583007,-50908.74149,-50908.74149,0,0.21
361,10/1/1970,10/16/1970,11/1/1970,31,0.004497439,-43070.65968,-43070.65968,0,0.323
362,11/1/1970,11/16/1970,12/1/1970,30,0.000135467,-59012.04635,-59012.04635,0,0.256
363,12/1/1970,12/16/1970,1/1/1971,31,0.000171245,-59995.11373,-59995.11373,0,0.18
364,1/1/1971,1/16/1971,2/1/1971,31,0.000608781,-59883.99358,-59883.99358,0,0.079
365,2/1/1971,2/15/1971,3/1/1971,28,0.00109855,-58138.51752,-58138.51752,0,0.042
366,3/1/1971,3/16/1971,4/1/1971,31,0.000468671,-73379.59719,-73379.59719,0,0.067
367,4/1/1971,4/16/1971,5/1/1971,30,0.00102362,-80399.62302,-80399.62302,0,0.027
368,5/1/1971,5/16/1971,6/1/1971,31,0.003347884,-58109.73443,-58109.73443,0,0.036
369,6/1/1971,6/16/1971,7/1/1971,30,0.00446532,-44531.58442,-44531.58442,0,0.058
370,7/1/1971,7/16/1971,8/1/1971,31,0.004631813,-59975.57612,-59975.57612,0,0.091
371,8/1/1971,8/16/1971,9/1/1971,31,0.004440903,-49508.30194,-49508.30194,0,0.088
372,9/1/1971,9/16/1971,10/1/1971,30,0.006074833,-39929.78547,-39929.78547,0,0.167
373,10/1/1971,10/16/1971,11/1/1971,31,0.005989484,-43579.85862,-43579.85862,0,0.335
374,11/1/1971,11/16/1971,12/1/1971,30,0.001980353,-46174.45314,-46174.45314,0,0.375
375,12/1/1971,12/16/1971,1/1/1972,31,0.001886974,-53211.9,-53211.9,0,0.216
376,1/1/1972,1/16/1972,2/1/1972,31,0.002170471,-49809.91379,-49809.91379,0,0.146
377,2/1/1972,2/15/1972,3/1/1972,29,0.002126593,-47822.80418,-47822.80418,0,0.128
378,3/1/1972,3/16/1972,4/1/1972,31,0.00395011,-54408.57857,-54408.57857,0,0.119
379,4/1/1972,4/16/1972,5/1/1972,30,0.00296926,-59836.00432,-59836.00432,0,0.079
380,5/1/1972,5/16/1972,6/1/1972,31,0.004726039,-47057.55308,-47057.55308,0,0.195
381,6/1/1972,6/16/1972,7/1/1972,30,0.007596293,-41765.71019,-41765.71019,0,0.137
382,7/1/1972,7/16/1972,8/1/1972,31,0.008609781,-52669.73134,-52669.73134,0,0.1
383,8/1/1972,8/16/1972,9/1/1972,31,0.003837858,-58402.79857,-58402.79857,0,0.113
384,9/1/1972,9/16/1972,10/1/1972,30,0.003734647,-47209.13236,-47209.13236,0,0.25
385,10/1/1972,10/16/1972,11/1/1972,31,0.003341329,-57664.03272,-57664.03272,0,0.265
386,11/1/1972,11/16/1972,12/1/1972,30,0.00371094,-51292.32989,-51292.32989,0,0.201
387,12/1/1972,12/16/1972,1/1/1973,31,0.001958258,-51350.94272,-51350.94272,0,0.146
388,1/1/1973,1/16/1973,2/1/1973,31,0.001470742,-53769.94297,-53769.94297,0,0.174
389,2/1/1973,2/15/1973,3/1/1973,28,0.001779814,-54312.54773,-54312.54773,0,0.201
390,3/1/1973,3/16/1973,4/1/1973,31,0.002084439,-66241.0432,-66241.0432,0,0.198
391,4/1/1973,4/16/1973,5/1/1973,30,0.0006858,-74127.19567,-74127.19567,0,0.18
392,5/1/1973,5/16/1973,6/1/1973,31,0.003239729,-64796.48121,-64796.48121,0,0.113
393,6/1/1973,6/16/1973,7/1/1973,30,0.004826,-57013.34892,-57013.34892,0,0.076
394,7/1/1973,7/16/1973,8/1/1973,31,0.007223432,-51895.55358,-51895.55358,0,0.152
395,8/1/1973,8/16/1973,9/1/1973,31,0.00892769,-50078.55591,-50078.55591,0,0.174
396,9/1/1973,9/16/1973,10/1/1973,30,0.006717453,-50446.92125,-50446.92125,0,0.228
397,10/1/1973,10/16/1973,11/1/1973,31,0.003748548,-51164.11433,-51164.11433,0,0.42
398,11/1/1973,11/16/1973,12/1/1973,30,0.00325374,-56743.32288,-56743.32288,0,0.244
399,12/1/1973,12/16/1973,1/1/1974,31,0.002063955,-58753.25444,-58753.25444,0,0.106
400,1/1/1974,1/16/1974,2/1/1974,31,0.009098116,-54899.46101,-54899.46101,0,0.021
401,2/1/1974,2/15/1974,3/1/1974,28,0.000123371,-67407.3687,-67407.3687,0,0.07
402,3/1/1974,3/16/1974,4/1/1974,31,0.001058606,-77698.62995,-77698.62995,0,0.009
403,4/1/1974,4/16/1974,5/1/1974,30,0.000804333,-80114.45534,-80114.45534,0,0.015
404,5/1/1974,5/16/1974,6/1/1974,31,0.002783348,-72880.16706,-72880.16706,0,0.106
405,6/1/1974,6/16/1974,7/1/1974,30,0.005195993,-56863.19426,-56863.19426,0,0.167
406,7/1/1974,7/16/1974,8/1/1974,31,0.00633689,-59561.62302,-59561.62302,0,0.131
407,8/1/1974,8/16/1974,9/1/1974,31,0.005280742,-57877.72532,-57877.72532,0,0.155
408,9/1/1974,9/16/1974,10/1/1974,30,0.006063827,-64614.45582,-64614.45582,0,0.265
409,10/1/1974,10/16/1974,11/1/1974,31,0.006202516,-55196.18845,-55196.18845,0,0.356
410,11/1/1974,11/16/1974,12/1/1974,30,0.002924387,-60455.55005,-60455.55005,0,0.201
411,12/1/1974,12/16/1974,1/1/1975,31,0.001253613,-59106.15251,-59106.15251,0,0.082
412,1/1/1975,1/16/1975,2/1/1975,31,0.000707923,-64681.69776,-64681.69776,0,0.046
413,2/1/1975,2/15/1975,3/1/1975,28,0.001345293,-60477.36124,-60477.36124,0,0.119
414,3/1/1975,3/16/1975,4/1/1975,31,0.000648929,-78644.9829,-78644.9829,0,0.125
415,4/1/1975,4/16/1975,5/1/1975,30,0.000941493,-85662.60723,-85662.60723,0,0.128
416,5/1/1975,5/16/1975,6/1/1975,31,0.006509774,-59279.54879,-59279.54879,0,0.192
417,6/1/1975,6/16/1975,7/1/1975,30,0.00685292,-49246.94571,-49246.94571,0,0.18
418,7/1/1975,7/16/1975,8/1/1975,31,0.004672781,-52130.00489,-52130.00489,0,0.225
419,8/1/1975,8/16/1975,9/1/1975,31,0.002860368,-75315.04161,-75315.04161,0,0.21
420,9/1/1975,9/16/1975,10/1/1975,30,0.006355927,-61490.22928,-61490.22928,0,0.25
421,10/1/1975,10/16/1975,11/1/1975,31,0.006138606,-54839.62708,-54839.62708,0,0.283
422,11/1/1975,11/16/1975,12/1/1975,30,0.00335788,-55934.50656,-55934.50656,0,0.234
423,12/1/1975,12/16/1975,1/1/1976,31,0.001343742,-60824.24102,-60824.24102,0,0.207
424,1/1/1976,1/16/1976,2/1/1976,31,0.00163871,-66095.73223,-66095.73223,0,0.024
425,2/1/1976,2/15/1976,3/1/1976,29,0.004543972,-68634.73719,-68634.73719,0,-0.006
426,3/1/1976,3/16/1976,4/1/1976,31,0.001950884,-73120.72387,-73120.72387,0,0.024
427,4/1/1976,4/16/1976,5/1/1976,30,0.001492673,-83400.19278,-83400.19278,0,0.097
428,5/1/1976,5/16/1976,6/1/1976,31,0.00887689,-55826.27635,-55826.27635,0,0.094
429,6/1/1976,6/16/1976,7/1/1976,30,0.00687578,-45149.86834,-45149.86834,0,0.174
430,7/1/1976,7/16/1976,8/1/1976,31,0.002905432,-76970.854,-76970.854,0,0.082
431,8/1/1976,8/16/1976,9/1/1976,31,0.005945239,-72276.94337,-72276.94337,0,0.146
432,9/1/1976,9/16/1976,10/1/1976,30,0.005629487,-60056.82001,-60056.82001,0,0.174
433,10/1/1976,10/16/1976,11/1/1976,31,0.002598174,-63543.63202,-63543.63202,0,0.241
434,11/1/1976,11/16/1976,12/1/1976,30,0.003087793,-63535.61346,-63535.61346,0,0.207
435,12/1/1976,12/16/1976,1/1/1977,31,0.002851355,-54833.52157,-54833.52157,0,0.183
436,1/1/1977,1/16/1977,2/1/1977,31,0.002773516,-60367.54941,-60367.54941,0,0.064
437,2/1/1977,2/15/1977,3/1/1977,28,0.001819729,-63204.20966,-63204.20966,0,0
438,3/1/1977,3/16/1977,4/1/1977,31,0.000757084,-79413.05516,-79413.05516,0,0.052
439,4/1/1977,4/16/1977,5/1/1977,30,0.003788833,-79481.02976,-79481.02976,0,0.046
440,5/1/1977,5/16/1977,6/1/1977,31,0.006855542,-64557.1455,-64557.1455,0,0.14
441,6/1/1977,6/16/1977,7/1/1977,30,0.007278793,-68129.84158,-68129.84158,0,0.131
442,7/1/1977,7/16/1977,8/1/1977,31,0.003668252,-82651.4139,-82651.4139,0,0.113
443,8/1/1977,8/16/1977,9/1/1977,31,0.00707349,-70127.80635,-70127.80635,0,0.14
444,9/1/1977,9/16/1977,10/1/1977,30,0.011176847,-63652.96122,-63652.96122,0,0.216
445,10/1/1977,10/16/1977,11/1/1977,31,0.001706716,-78152.87936,-78152.87936,0,0.198
446,11/1/1977,11/16/1977,12/1/1977,30,0.003379893,-68836.45178,-68836.45178,0,0.238
447,12/1/1977,12/16/1977,1/1/1978,31,0.003801806,-64045.50435,-64045.50435,0,0.143
448,1/1/1978,1/16/1978,2/1/1978,31,0.002122948,-62785.32856,-62785.32856,0,-0.003
449,2/1/1978,2/15/1978,3/1/1978,28,0.002163536,-66255.52196,-66255.52196,0,0.097
450,3/1/1978,3/16/1978,4/1/1978,31,0.002798916,-71744.54352,-71744.54352,0,0.076
451,4/1/1978,4/16/1978,5/1/1978,30,0.00173736,-78658.3336,-78658.3336,0,0.036
452,5/1/1978,5/16/1978,6/1/1978,31,0.003208594,-67277.75759,-67277.75759,0,0.076
453,6/1/1978,6/16/1978,7/1/1978,30,0.004453467,-75549.2487,-75549.2487,0,0.125
454,7/1/1978,7/16/1978,8/1/1978,31,0.005341374,-75818.13505,-75818.13505,0,0.1
455,8/1/1978,8/16/1978,9/1/1978,31,0.005674852,-72308.69198,-72308.69198,0,0.134
456,9/1/1978,9/16/1978,10/1/1978,30,0.00351028,-73886.19112,-73886.19112,0,0.14
457,10/1/1978,10/16/1978,11/1/1978,31,0.006431116,-66386.35417,-66386.35417,0,0.247
458,11/1/1978,11/16/1978,12/1/1978,30,0.003146213,-67733.63514,-67733.63514,0,0.32
459,12/1/1978,12/16/1978,1/1/1979,31,0.002784987,-72192.68743,-72192.68743,0,0.091
460,1/1/1979,1/16/1979,2/1/1979,31,0.002229465,-65690.32684,-65690.32684,0,0.088
461,2/1/1979,2/15/1979,3/1/1979,28,0.001521279,-77450.87736,-77450.87736,0,0.018
462,3/1/1979,3/16/1979,4/1/1979,31,0.000329381,-87499.18321,-87499.18321,0,0.067
463,4/1/1979,4/16/1979,5/1/1979,30,0.011692467,-93553.92903,-93553.92903,0,0.021
464,5/1/1979,5/16/1979,6/1/1979,31,0.005745316,-64367.87491,-64367.87491,0,0.082
465,6/1/1979,6/16/1979,7/1/1979,30,0.00119888,-93146.36636,-93146.36636,0,0.177
466,7/1/1979,7/16/1979,8/1/1979,31,0.001896806,-104183.0804,-104183.0804,0,0.091
467,8/1/1979,8/16/1979,9/1/1979,31,0.00311191,-95300.79482,-95300.79482,0,0.117
468,9/1/1979,9/16/1979,10/1/1979,30,0.00816102,-62996.82318,-62996.82318,0,0.1765
469,10/1/1979,10/16/1979,11/1/1979,31,0.005695335,-71180.39505,-71180.39505,0,0.233
470,11/1/1979,11/16/1979,12/1/1979,30,0.004443307,-67910.28769,-67910.28769,0,0.2805
471,12/1/1979,12/16/1979,1/1/1980,31,0.002601452,-73590.84759,-73590.84759,0,0.18
472,1/1/1980,1/16/1980,2/1/1980,31,0.003129935,-79044.28279,-79044.28279,0,0.149
473,2/1/1980,2/15/1980,3/1/1980,29,0.001852448,-78329.30734,-78329.30734,0,0.177
474,3/1/1980,3/16/1980,4/1/1980,31,0.002134419,-91291.92161,-91291.92161,0,0.055
475,4/1/1980,4/16/1980,5/1/1980,30,0.00504444,-77682.95916,-77682.95916,0,0.125
476,5/1/1980,5/16/1980,6/1/1980,31,0.003755103,-90794.93367,-90794.93367,0,0.17
477,6/1/1980,6/16/1980,7/1/1980,30,0.006234007,-81275.31495,-81275.31495,0,0.158
478,7/1/1980,7/16/1980,8/1/1980,31,0.006147619,-81930.96456,-81930.96456,0,0.082
479,8/1/1980,8/16/1980,9/1/1980,31,0.004694903,-89807.0633,-89807.0633,0,0.1
480,9/1/1980,9/16/1980,10/1/1980,30,0.004783667,-81593.28955,-81593.28955,0,0.213
481,10/1/1980,10/16/1980,11/1/1980,31,0.00250149,-85038.66554,-85038.66554,0,0.219
482,11/1/1980,11/16/1980,12/1/1980,30,0.005630333,-76655.85075,-76655.85075,0,0.241
483,12/1/1980,12/16/1980,1/1/1981,31,0.001005348,-81060.31984,-81060.31984,0,0.17
484,1/1/1981,1/16/1981,2/1/1981,31,0.000548148,-88242.83346,-88242.83346,0,0.134
485,2/1/1981,2/15/1981,3/1/1981,28,0.002323193,-79893.8199,-79893.8199,0,0.079
486,3/1/1981,3/16/1981,4/1/1981,31,0.000515374,-88295.34079,-88295.34079,0,0.134
487,4/1/1981,4/16/1981,5/1/1981,30,0.0002159,-101285.0017,-101285.0017,0,0.073
488,5/1/1981,5/16/1981,6/1/1981,31,0.00529631,-67937.1519,-67937.1519,0,0.167
489,6/1/1981,6/16/1981,7/1/1981,30,0.0036957,-68098.29648,-68098.29648,0,0.073
490,7/1/1981,7/16/1981,8/1/1981,31,0.005772355,-78307.95914,-78307.95914,0,0.089
491,8/1/1981,8/16/1981,9/1/1981,31,0.013320252,-64759.84819,-64759.84819,0,0.157
492,9/1/1981,9/16/1981,10/1/1981,30,0.00792734,-59109.20526,-59109.20526,0,0.227
493,10/1/1981,10/16/1981,11/1/1981,31,0.003129935,-67855.33817,-67855.33817,0,0.236
494,11/1/1981,11/16/1981,12/1/1981,30,0.002701713,-74947.36823,-74947.36823,0,0.334
495,12/1/1981,12/16/1981,1/1/1982,31,0.000301523,-77958.72437,-77958.72437,0,0.172
496,1/1/1982,1/16/1982,2/1/1982,31,0.000824271,-75858.43137,-75858.43137,0,0.035
497,2/1/1982,2/15/1982,3/1/1982,28,0.00193675,-73610.03632,-73610.03632,0,0.075
498,3/1/1982,3/16/1982,4/1/1982,31,0.006989097,-73179.3367,-73179.3367,0,0.139
499,4/1/1982,4/16/1982,5/1/1982,30,0.00324358,-78139.73218,-78139.73218,0,0.099
500,5/1/1982,5/16/1982,6/1/1982,31,0.007464323,-67142.21543,-67142.21543,0,0.13
501,6/1/1982,6/16/1982,7/1/1982,30,0.00847344,-59047.37686,-59047.37686,0,0.163
502,7/1/1982,7/16/1982,8/1/1982,31,0.00262849,-78096.70874,-78096.70874,0,0.096
503,8/1/1982,8/16/1982,9/1/1982,31,0.004583471,-70491.69432,-70491.69432,0,0.121
504,9/1/1982,9/16/1982,10/1/1982,30,0.004930987,-72857.82091,-72857.82091,0,0.285
505,10/1/1982,10/16/1982,11/1/1982,31,0.004868606,-68892.05256,-68892.05256,0,0.416
506,11/1/1982,11/16/1982,12/1/1982,30,0.008208433,-58236.03694,-58236.03694,0,0.361
507,12/1/1982,12/16/1982,1/1/1983,31,0.000887361,-71363.56013,-71363.56013,0,0.191
508,1/1/1983,1/16/1983,2/1/1983,31,0.005710084,-63303.0752,-63303.0752,0,0.249
509,2/1/1983,2/15/1983,3/1/1983,28,0.01382395,-57814.05365,-57814.05365,0,0.16
510,3/1/1983,3/16/1983,4/1/1983,31,0.003295445,-62597.27907,-62597.27907,0,0.206
511,4/1/1983,4/16/1983,5/1/1983,30,0.003589867,-67423.23137,-67423.23137,0,0.114
512,5/1/1983,5/16/1983,6/1/1983,31,0.001178232,-85883.66714,-85883.66714,0,0.099
513,6/1/1983,6/16/1983,7/1/1983,30,0.007149253,-56468.24962,-56468.24962,0,0.185
514,7/1/1983,7/16/1983,8/1/1983,31,0.005750232,-79559.58723,-79559.58723,0,0.194
515,8/1/1983,8/16/1983,9/1/1983,31,0.010647516,-59830.26515,-59830.26515,0,0.136
516,9/1/1983,9/16/1983,10/1/1983,30,0.008221133,-57084.00994,-57084.00994,0,0.273
517,10/1/1983,10/16/1983,11/1/1983,31,0.009064523,-54364.61895,-54364.61895,0,0.361
518,11/1/1983,11/16/1983,12/1/1983,30,0.001905,-60719.26708,-60719.26708,0,0.331
519,12/1/1983,12/16/1983,1/1/1984,31,0.007291439,-58590.84806,-58590.84806,0,0.182
520,1/1/1984,1/16/1984,2/1/1984,31,0.001582174,-63401.98435,-63401.98435,0,0.252
521,2/1/1984,2/15/1984,3/1/1984,29,0.002180897,-66751.16849,-66751.16849,0,0.16
522,3/1/1984,3/16/1984,4/1/1984,31,0.004123813,-72865.51385,-72865.51385,0,0.182
523,4/1/1984,4/16/1984,5/1/1984,30,0.00466344,-70591.62105,-70591.62105,0,0.16
524,5/1/1984,5/16/1984,6/1/1984,31,0.012703277,-75413.95076,-75413.95076,0,0.105
525,6/1/1984,6/16/1984,7/1/1984,30,0.007052733,-70958.80599,-70958.80599,0,0.169
526,7/1/1984,7/16/1984,8/1/1984,31,0.003880465,-66372.92206,-66372.92206,0,0.096
527,8/1/1984,8/16/1984,9/1/1984,31,0.00516931,-77967.27207,-77967.27207,0,0.203
528,9/1/1984,9/16/1984,10/1/1984,30,0.007563273,-67119.13663,-67119.13663,0,0.349
529,10/1/1984,10/16/1984,11/1/1984,31,0.001148735,-72469.87726,-72469.87726,0,0.419
530,11/1/1984,11/16/1984,12/1/1984,30,0.006533727,-64667.45158,-64667.45158,0,0.428
531,12/1/1984,12/16/1984,1/1/1985,31,0.001289665,-70290.21272,-70290.21272,0,0.261
532,1/1/1985,1/16/1985,2/1/1985,31,0.000654665,-79235.99558,-79235.99558,0,0.224
533,2/1/1985,2/15/1985,3/1/1985,28,0.000113393,-83980.71272,-83980.71272,0,0.087
534,3/1/1985,3/16/1985,4/1/1985,31,0.001937774,-78220.03989,-78220.03989,0,0.105
535,4/1/1985,4/16/1985,5/1/1985,30,0.004784513,-75492.46753,-75492.46753,0,0.081
536,5/1/1985,5/16/1985,6/1/1985,31,0.003220884,-75692.36169,-75692.36169,0,0.194
537,6/1/1985,6/16/1985,7/1/1985,30,0.00431546,-77290.53813,-77290.53813,0,0.148
538,7/1/1985,7/16/1985,8/1/1985,31,0.009462729,-61075.78774,-61075.78774,0,0.133
539,8/1/1985,8/16/1985,9/1/1985,31,0.006863735,-69464.74873,-69464.74873,0,0.294
540,9/1/1985,9/16/1985,10/1/1985,30,0.011141287,-59379.2313,-59379.2313,0,0.367
541,10/1/1985,10/16/1985,11/1/1985,31,0.004708013,-72550.4699,-72550.4699,0,0.416
542,11/1/1985,11/16/1985,12/1/1985,30,0.002876973,-80641.88938,-80641.88938,0,0.264
543,12/1/1985,12/16/1985,1/1/1986,31,0.004542503,-65214.09761,-65214.09761,0,0.23
544,1/1/1986,1/16/1986,2/1/1986,31,0.00374691,-63686.50078,-61824.3224,-1862.178385,0.249
545,2/1/1986,2/15/1986,3/1/1986,28,0.001125764,-66283.10139,-47156.7675,-19126.33389,0.23
546,3/1/1986,3/16/1986,4/1/1986,31,0.010609006,-62694.47867,-47538.66671,-15155.81197,0.157
547,4/1/1986,4/16/1986,5/1/1986,30,0.000414867,-76961.20731,-64701.52029,-12259.68702,0.258
548,5/1/1986,5/16/1986,6/1/1986,31,0.005275826,-78631.55079,-73018.15142,-5613.399369,0.38
549,6/1/1986,6/16/1986,7/1/1986,30,0.00862584,-69096.63575,-64730.54178,-4366.09397,0.264
550,7/1/1986,7/16/1986,8/1/1986,31,0.006331155,-69874.30587,-69785.89818,-88.40768204,0.169
551,8/1/1986,8/16/1986,9/1/1986,31,0.005831348,-72624.95703,-72624.95703,0,0.203
552,9/1/1986,9/16/1986,10/1/1986,30,0.003234267,-76770.17019,-71252.80631,-5517.363879,0.328
553,10/1/1986,10/16/1986,11/1/1986,31,0.003992716,-72272.30319,-64259.19696,-8013.10623,0.316
554,11/1/1986,11/16/1986,12/1/1986,30,0.00388366,-65104.54047,-55920.62672,-9183.913748,0.178
555,12/1/1986,12/16/1986,1/1/1987,31,0.006030452,-65669.56813,-64261.63916,-1407.928969,0.191
556,1/1/1987,1/16/1987,2/1/1987,31,0.001605116,-67105.58241,-62651.00749,-4454.574918,0.111
557,2/1/1987,2/15/1987,3/1/1987,28,0.004526643,-67703.44198,-60161.00896,-7542.433012,0.175
558,3/1/1987,3/16/1987,4/1/1987,31,0.003747729,-67435.27957,-56583.35871,-10851.92086,0.163
559,4/1/1987,4/16/1987,5/1/1987,30,0.001712807,-73718.3712,-60919.8939,-12798.4773,0.081
560,5/1/1987,5/16/1987,6/1/1987,31,0.006031271,-63256.42916,-50698.87501,-12557.55415,0.072
561,6/1/1987,6/16/1987,7/1/1987,30,0.00264922,-75946.71694,-60787.40449,-15159.31246,0.075
562,7/1/1987,7/16/1987,8/1/1987,31,0.004363065,-73816.7512,-61056.25013,-12760.50107,0.136
563,8/1/1987,8/16/1987,9/1/1987,31,0.002664542,-87491.00183,-78615.67648,-8875.32535,0.038
564,9/1/1987,9/16/1987,10/1/1987,30,0.007468447,-71259.11533,-61852.36701,-9406.748323,0.108
565,10/1/1987,10/16/1987,11/1/1987,31,0.006498303,-67617.22355,-59438.29186,-8178.931689,0.349
566,11/1/1987,11/16/1987,12/1/1987,30,0.00565404,-60210.25537,-44737.25846,-15472.99691,0.306
567,12/1/1987,12/16/1987,1/1/1988,31,0.004119716,-66644.61694,-53358.43207,-13286.18487,0.191
568,1/1/1988,1/16/1988,2/1/1988,31,0.001836174,-63468.29011,-53106.88535,-10361.40476,0.163
569,2/1/1988,2/15/1988,3/1/1988,29,0.001989959,-68521.82749,-57593.08257,-10928.74493,0.178
570,3/1/1988,3/16/1988,4/1/1988,31,0.000981587,-73013.26702,-58449.20039,-14564.06663,0.05
571,4/1/1988,4/16/1988,5/1/1988,30,0.00220726,-84514.36565,-66172.78368,-18341.58197,0.117
572,5/1/1988,5/16/1988,6/1/1988,31,0.004030406,-73172.1322,-58714.17922,-14457.95298,0.081
573,6/1/1988,6/16/1988,7/1/1988,30,0.00759968,-60951.439,-48609.73473,-12341.70427,0.142
574,7/1/1988,7/16/1988,8/1/1988,31,0.007880555,-60031.86886,-48784.1893,-11247.67956,0.111
575,8/1/1988,8/16/1988,9/1/1988,31,0.008858865,-67697.20564,-54240.06669,-13457.13895,0.102
576,9/1/1988,9/16/1988,10/1/1988,30,0.002599267,-72185.4056,-57449.93308,-14735.47251,0.218
577,10/1/1988,10/16/1988,11/1/1988,31,0.001381432,-81023.68683,-64476.55286,-16547.13397,0.386
578,11/1/1988,11/16/1988,12/1/1988,30,0.002479887,-72998.89059,-57900.39709,-15098.49351,0.209
579,12/1/1988,12/16/1988,1/1/1989,31,0.001392903,-75463.52744,-59456.60837,-16006.91907,0.16
580,1/1/1989,1/16/1989,2/1/1989,31,0.000752168,-77064.26819,-60656.95024,-16407.31795,0.151
581,2/1/1989,2/15/1989,3/1/1989,28,0.000817336,-81858.71902,-64173.54547,-17685.17354,0.142
582,3/1/1989,3/16/1989,4/1/1989,31,0.00283169,-74505.81826,-57662.81162,-16843.00664,0.23
583,4/1/1989,4/16/1989,5/1/1989,30,0.003102187,-72293.79456,-56435.44272,-15858.35183,0.13
584,5/1/1989,5/16/1989,6/1/1989,31,0.0025654,-70674.24886,-56386.76151,-14287.48734,0.133
585,6/1/1989,6/16/1989,7/1/1989,30,0.00376428,-58545.8098,-42013.02376,-16532.78604,0.096
586,7/1/1989,7/16/1989,8/1/1989,31,0.004653116,-55956.93411,-40359.81639,-15597.11772,0.157
587,8/1/1989,8/16/1989,9/1/1989,31,0.003663335,-64438.08819,-46770.59444,-17667.49375,0.206
588,9/1/1989,9/16/1989,10/1/1989,30,0.00401574,-66925.82826,-49228.01866,-17697.80961,0.291
589,10/1/1989,10/16/1989,11/1/1989,31,0.002630948,-64238.31614,-48519.21047,-15719.10566,0.252
590,11/1/1989,11/16/1989,12/1/1989,30,0.000651933,-57706.71019,-40632.61026,-17074.09992,0.218
591,12/1/1989,12/16/1989,1/1/1990,31,0.000641555,-60744.13682,-54007.0807,-6737.056124,0.121
592,1/1/1990,1/16/1990,2/1/1990,31,0.000706284,-58522.83276,-48288.54457,-10234.28819,0.032
593,2/1/1990,2/15/1990,3/1/1990,28,0.000798286,-57522.71213,-44208.0669,-13314.64523,0.02
594,3/1/1990,3/16/1990,4/1/1990,31,0.002199148,-53137.90131,-39833.76626,-13304.13505,0.169
595,4/1/1990,4/16/1990,5/1/1990,30,0.00442976,-50479.34962,-38575.86985,-11903.47977,0.218
596,5/1/1990,5/16/1990,6/1/1990,31,0.010023987,-44143.88498,-27081.08024,-17062.80474,0.206
597,6/1/1990,6/16/1990,7/1/1990,30,0.007851987,-45407.27634,-31617.77824,-13789.49811,0.154
598,7/1/1990,7/16/1990,8/1/1990,31,0.009821606,-45949.4043,-31850.45489,-14098.94941,0.127
599,8/1/1990,8/16/1990,9/1/1990,31,0.007588865,-48621.29448,-32073.06152,-16548.23296,0.255
600,9/1/1990,9/16/1990,10/1/1990,30,0.00514096,-53653.79595,-38014.87182,-15638.92413,0.285
601,10/1/1990,10/16/1990,11/1/1990,31,0.00354371,-53050.95895,-37848.25672,-15202.70223,0.288
602,11/1/1990,11/16/1990,12/1/1990,30,0.00087376,-61969.46241,-40085.23971,-21884.2227,0.306
603,12/1/1990,12/16/1990,1/1/1991,31,0.0025146,-60728.14041,-42077.53858,-18650.60183,0.136
604,1/1/1991,1/16/1991,2/1/1991,31,0.005409381,-57210.27174,-43089.34252,-14120.92922,0.236
605,2/1/1991,2/15/1991,3/1/1991,28,0.006351814,-59667.82388,-47148.38552,-12519.43837,0.154
606,3/1/1991,3/16/1991,4/1/1991,31,0.001520723,-63217.96449,-50029.71189,-13188.2526,0.203
607,4/1/1991,4/16/1991,5/1/1991,30,0.00827278,-57858.5052,-41119.79276,-16738.71244,0.2
608,5/1/1991,5/16/1991,6/1/1991,31,0.006031271,-60721.66857,-43932.39036,-16789.27821,0.209
609,6/1/1991,6/16/1991,7/1/1991,30,0.01138428,-52950.21408,-40375.45462,-12574.75946,0.264
610,7/1/1991,7/16/1991,8/1/1991,31,0.006481916,-55587.42907,-47070.98518,-8516.44389,0.264
611,8/1/1991,8/16/1991,9/1/1991,31,0.006154994,-67453.84029,-57534.84028,-9919.000017,0.23
612,9/1/1991,9/16/1991,10/1/1991,30,0.005449993,-56644.90218,-42511.68868,-14133.2135,0.413
613,10/1/1991,10/16/1991,11/1/1991,31,0.005853471,-51408.945,-39259.9711,-12148.9739,0.459
614,11/1/1991,11/16/1991,12/1/1991,30,0.003268133,-59156.64908,-41871.197,-17285.45208,0.398
615,12/1/1991,12/16/1991,1/1/1992,31,0.000623529,-61531.13615,-49876.95221,-11654.18394,0.166
616,1/1/1992,1/16/1992,2/1/1992,31,0.003510935,-63956.48612,-52698.06088,-11258.42524,0.23
617,2/1/1992,2/15/1992,3/1/1992,29,0.003210034,-60390.37135,-43306.41631,-17083.95505,0.203
618,3/1/1992,3/16/1992,4/1/1992,31,0.001734574,-61203.63697,-41509.97103,-19693.66594,0.117
619,4/1/1992,4/16/1992,5/1/1992,30,0.0035687,-57317.82221,-38969.55268,-18348.26954,0.197
620,5/1/1992,5/16/1992,6/1/1992,31,0.000849671,-67496.45671,-59861.15899,-7635.297711,0.213
621,6/1/1992,6/16/1992,7/1/1992,30,0.015766627,-53983.12678,-38864.82295,-15118.30383,0.2065
622,7/1/1992,7/16/1992,8/1/1992,31,0.003190568,-63067.28068,-41299.20907,-21768.07161,0.1925
623,8/1/1992,8/16/1992,9/1/1992,31,0.007547897,-60283.90402,-40793.3071,-19490.59692,0.233
624,9/1/1992,9/16/1992,10/1/1992,30,0.002835487,-58120.20333,-40958.15568,-17162.04766,0.3435
625,10/1/1992,10/16/1992,11/1/1992,31,0.001814871,-63210.63789,-45156.29947,-18054.33842,0.4145
626,11/1/1992,11/16/1992,12/1/1992,30,0.009171093,-61356.8566,-42821.20918,-18535.64742,0.378
627,12/1/1992,12/16/1992,1/1/1993,31,0.000830006,-66862.09495,-42502.23736,-24359.85759,0.2495
628,1/1/1993,1/16/1993,2/1/1993,31,0.00547411,-59179.41854,-39120.3993,-20059.01924,0.1935
629,2/1/1993,2/15/1993,3/1/1993,28,0.001317171,-61973.95083,-39900.94424,-22073.00659,0.189
630,3/1/1993,3/16/1993,4/1/1993,31,0.004175432,-64128.53919,-40262.12835,-23866.41085,0.122
631,4/1/1993,4/16/1993,5/1/1993,30,0.00289052,-63409.43306,-40151.86296,-23257.5701,0.146
632,5/1/1993,5/16/1993,6/1/1993,31,0.002249129,-76167.36982,-41889.85542,-34277.5144,0.225
633,6/1/1993,6/16/1993,7/1/1993,30,0.004911513,-70348.09289,-43944.84559,-26403.24731,0.2065
634,7/1/1993,7/16/1993,8/1/1993,31,0.005846097,-68819.27496,-52441.38554,-16377.88943,0.1925
635,8/1/1993,8/16/1993,9/1/1993,31,0.006455697,-57096.22095,-46520.26882,-10575.95213,0.2075
636,9/1/1993,9/16/1993,10/1/1993,30,0.005525347,-56199.48539,-33849.15232,-22350.33307,0.3435
637,10/1/1993,10/16/1993,11/1/1993,31,0.010463981,-51889.44807,-31655.81145,-20233.63662,0.4145
638,11/1/1993,11/16/1993,12/1/1993,30,0.0029972,-58847.50712,-34614.81494,-24232.69218,0.378
639,12/1/1993,12/16/1993,1/1/1994,31,0.001037303,-61552.50541,-47549.65661,-14002.8488,0.2495
640,1/1/1994,1/16/1994,2/1/1994,31,0.003235632,-57933.89595,-33588.20312,-24345.69283,0.1935
641,2/1/1994,2/15/1994,3/1/1994,28,0.003484336,-60261.45757,-34150.49813,-26110.95944,0.175
642,3/1/1994,3/16/1994,4/1/1994,31,0.001321619,-66349.35482,-38200.91056,-28148.44425,0.127
643,4/1/1994,4/16/1994,5/1/1994,30,0.003364653,-62880.73721,-42925.30801,-19955.42921,0.095
644,5/1/1994,5/16/1994,6/1/1994,31,0.003066845,-63097.9303,-39914.11468,-23183.81562,0.217
645,6/1/1994,6/16/1994,7/1/1994,30,0.00534162,-54491.00286,-32120.48093,-22370.52193,0.149
646,7/1/1994,7/16/1994,8/1/1994,31,0.00377149,-64609.65282,-35482.74067,-29126.91215,0.121
647,8/1/1994,8/16/1994,9/1/1994,31,0.009565148,-54833.52157,-29637.33219,-25196.18938,0.185
648,9/1/1994,9/16/1994,10/1/1994,30,0.0088392,-50939.02479,-36319.76442,-14619.26037,0.274
649,10/1/1994,10/16/1994,11/1/1994,31,0.003452761,-56033.375,-50167.69626,-5865.678749,0.37
650,11/1/1994,11/16/1994,12/1/1994,30,0.0088519,-60319.77995,-36467.39548,-23852.38447,0.358
651,12/1/1994,12/16/1994,1/1/1995,31,0.004741606,-62685.19831,-38048.27299,-24636.92532,0.333
652,1/1/1995,1/16/1995,2/1/1995,31,0.003639574,-60608.10622,-38529.38662,-22078.7196,0.157
653,2/1/1995,2/15/1995,3/1/1995,28,0.004180114,-62640.45369,-40359.24945,-22281.20424,0.051
654,3/1/1995,3/16/1995,4/1/1995,31,0.003310194,-60769.2915,-39908.00918,-20861.28232,0.244
655,4/1/1995,4/16/1995,5/1/1995,30,0.002526453,-68253.49836,-46812.92593,-21440.57244,0.263
656,5/1/1995,5/16/1995,6/1/1995,31,0.00255311,-67841.90606,-57046.15583,-10795.75023,0.236
657,6/1/1995,6/16/1995,7/1/1995,30,0.011299613,-60702.86362,-37499.55109,-23203.31253,0.182
658,7/1/1995,7/16/1995,8/1/1995,31,0.010362381,-58170.17891,-37025.47915,-21144.69976,0.208
659,8/1/1995,8/16/1995,9/1/1995,31,0.012138742,-58619.42181,-38060.72822,-20558.6936,0.304
660,9/1/1995,9/16/1995,10/1/1995,30,0.0051562,-57273.28053,-40626.30124,-16646.97929,0.41
661,10/1/1995,10/16/1995,11/1/1995,31,0.008950632,-55102.1637,-34135.86673,-20966.29697,0.397
662,11/1/1995,11/16/1995,12/1/1995,30,0.001019387,-66578.95836,-42820.57828,-23758.38008,0.274
663,12/1/1995,12/16/1995,1/1/1996,31,0.001627239,-61242.10164,-38908.04991,-22334.05173,0.231
664,1/1/1996,1/16/1996,2/1/1996,31,0.001436329,-61569.11238,-41563.82156,-20005.29081,0.172
665,2/1/1996,2/15/1996,3/1/1996,29,0.000647262,-67608.76006,-42309.15609,-25299.60397,0.09
666,3/1/1996,3/16/1996,4/1/1996,31,0.003015226,-70577.17136,-46254.06889,-24323.10247,0.097
667,4/1/1996,4/16/1996,5/1/1996,30,0.002648373,-77694.31539,-51106.84471,-26587.47068,0.174
668,5/1/1996,5/16/1996,6/1/1996,31,0.007451213,-70872.6777,-47398.24014,-23474.43756,0.141
669,6/1/1996,6/16/1996,7/1/1996,30,0.011129433,-61815.77469,-38426.85081,-23388.92389,0.117
670,7/1/1996,7/16/1996,8/1/1996,31,0.001948426,-70361.525,-46978.54787,-23382.97713,0.141
671,8/1/1996,8/16/1996,9/1/1996,31,0.005236497,-64355.29757,-52142.70433,-12212.59324,0.161
672,9/1/1996,9/16/1996,10/1/1996,30,0.006788573,-59056.58803,-37241.13365,-21815.45438,0.229
673,10/1/1996,10/16/1996,11/1/1996,31,0.008391013,-57941.58888,-38276.49669,-19665.09219,0.348
674,11/1/1996,11/16/1996,12/1/1996,30,0.00132842,-65948.18258,-41514.61121,-24433.57137,0.339
675,12/1/1996,12/16/1996,1/1/1997,31,0.001626419,-66548.51632,-40809.42563,-25739.0907,0.191
676,1/1/1997,1/16/1997,2/1/1997,31,0.003323303,-64404.75215,-39541.43478,-24863.31736,0.172
677,2/1/1997,2/15/1997,3/1/1997,28,0.003726543,-98998.25249,-42788.67267,-56209.57982,0.164
678,3/1/1997,3/16/1997,4/1/1997,31,0.003013587,-69333.60253,-39047.62171,-30285.98082,0.174
679,4/1/1997,4/16/1997,5/1/1997,30,0.005334847,-64574.58281,-39813.19479,-24761.38803,0.242
680,5/1/1997,5/16/1997,6/1/1997,31,0.003722329,-68816.34432,-38651.00824,-30165.33608,0.196
681,6/1/1997,6/16/1997,7/1/1997,30,0.010216727,-86219.94603,-70642.09321,-15577.85282,0.243
682,7/1/1997,7/16/1997,8/1/1997,31,0.004067277,-70021.32638,-41875.93487,-28145.3915,0.197
683,8/1/1997,8/16/1997,9/1/1997,31,0.007598697,-60004.14987,-35596.18092,-24407.96896,0.237
684,9/1/1997,9/16/1997,10/1/1997,30,0.010014373,-54124.07028,-31737.64961,-22386.42066,0.288
685,10/1/1997,10/16/1997,11/1/1997,31,0.001502697,-61705.87564,-35352.57135,-26353.30429,0.313
686,11/1/1997,11/16/1997,12/1/1997,30,0.002823633,-64515.90893,-40022.02334,-24493.88559,0.272
687,12/1/1997,12/16/1997,1/1/1998,31,0.003830484,-62191.0189,-39572.20652,-22618.81239,0.145
688,1/1/1998,1/16/1998,2/1/1998,31,0.003592871,-62061.46013,-40218.16872,-21843.29141,0.151
689,2/1/1998,2/15/1998,3/1/1998,28,0.004931229,-53967.80487,-23819.70375,-30148.10112,0.216
690,3/1/1998,3/16/1998,4/1/1998,31,0.005015271,-57041.27142,-33152.88076,-23888.39066,0.18
691,4/1/1998,4/16/1998,5/1/1998,30,0.0006858,-70966.503,-49187.89329,-21778.60971,0.14
692,5/1/1998,5/16/1998,6/1/1998,31,0.002330245,-66939.63484,-47532.92753,-19406.70731,0.174
693,6/1/1998,6/16/1998,7/1/1998,30,0.003565313,-64348.46755,-34718.15668,-29630.31086,0.151
694,7/1/1998,7/16/1998,8/1/1998,31,0.005264355,-60727.65197,-39690.77538,-21036.87658,0.16
695,8/1/1998,8/16/1998,9/1/1998,31,0.003790335,-63940.4897,-43198.87524,-20741.61446,0.219
696,9/1/1998,9/16/1998,10/1/1998,30,0.013054753,-56117.34195,-37024.73427,-19092.60768,0.272
697,10/1/1998,10/16/1998,11/1/1998,31,0.002680929,-60765.01764,-21704.45227,-39060.56537,0.278
698,11/1/1998,11/16/1998,12/1/1998,30,0.00733298,-61379.19053,-39265.19334,-22113.99719,0.205
699,12/1/1998,12/16/1998,1/1/1999,31,0.002484284,-60360.46702,-38667.24888,-21693.21815,0.171
700,1/1/1999,1/16/1999,2/1/1999,31,0.003047181,-60071.18829,-38006.51135,-22064.67694,0.192
701,2/1/1999,2/15/1999,3/1/1999,28,0.001312636,-65830.06871,-37601.98254,-28228.08618,0.255
702,3/1/1999,3/16/1999,4/1/1999,31,0.000429342,-70288.86951,-38917.94083,-31370.92869,0.17
703,4/1/1999,4/16/1999,5/1/1999,30,0.001133687,-70622.28289,-37382.58187,-33239.70102,0.196
704,5/1/1999,5/16/1999,6/1/1999,31,0.002285181,-61332.09675,-30809.46664,-30522.63011,0.239
705,6/1/1999,6/16/1999,7/1/1999,30,0.015180733,-46858.22469,-27101.65578,-19756.56891,0.222
706,7/1/1999,7/16/1999,8/1/1999,31,0.003311832,-75016.72674,-35924.77908,-39091.94766,0.21
707,8/1/1999,8/16/1999,9/1/1999,31,0.010994103,-67677.79014,-34164.07416,-33513.71599,0.261
708,9/1/1999,9/16/1999,10/1/1999,30,0.007520093,-63727.15529,-30227.14412,-33500.01117,0.446
709,10/1/1999,10/16/1999,11/1/1999,31,0.009951065,-63701.15399,-28402.79951,-35298.35448,0.419
710,11/1/1999,11/16/1999,12/1/1999,30,0.00301752,-70141.15705,-31002.52264,-39138.6344,0.356
711,12/1/1999,12/16/1999,1/1/2000,31,0.001014361,-69376.82949,-34668.26659,-34708.5629,0.235
712,1/1/2000,1/16/2000,2/1/2000,31,0.001050413,-73336.85867,-36733.14767,-36603.71101,0.182
713,2/1/2000,2/15/2000,3/1/2000,29,0.000638503,-75179.58366,-37748.38753,-37431.19613,0.155
714,3/1/2000,3/16/2000,4/1/2000,31,0.005360219,-78116.24635,-36849.15222,-41267.09412,0.168
715,4/1/2000,4/16/2000,5/1/2000,30,0.00283464,-76653.31453,-38068.62467,-38584.68986,0.18
716,5/1/2000,5/16/2000,6/1/2000,31,0.002380226,-84748.0436,-40024.01373,-44724.02987,0.169
717,6/1/2000,6/16/2000,7/1/2000,30,0.004702387,-71746.17165,-33026.45615,-38719.7155,0.227
718,7/1/2000,7/16/2000,8/1/2000,31,0.006631039,-65214.09761,-36271.57165,-28942.52596,0.285
719,8/1/2000,8/16/2000,9/1/2000,31,0.005089832,-68487.86827,-37112.90995,-31374.95832,0.276
720,9/1/2000,9/16/2000,10/1/2000,30,0.00510286,-66904.62996,-34774.0546,-32130.57536,0.359
721,10/1/2000,10/16/2000,11/1/2000,31,0.00649011,-67026.21087,-35026.04906,-32000.16182,0.45
722,11/1/2000,11/16/2000,12/1/2000,30,0.000657013,-76307.59287,-35851.63516,-40455.95771,0.318
723,12/1/2000,12/16/2000,1/1/2001,31,0.001685413,-67611.10584,-36077.40444,-31533.70139,0.234
724,1/1/2001,1/16/2001,2/1/2001,31,0.000593213,-67385.21444,-35808.77453,-31576.43991,0.124
725,2/1/2001,2/15/2001,3/1/2001,28,0.00022225,-67345.17979,-30118.3586,-37226.82119,0.081
726,3/1/2001,3/16/2001,4/1/2001,31,0.003516671,-63958.80621,-15400.52052,-48558.28569,0.128
727,4/1/2001,4/16/2001,5/1/2001,30,0.000677333,-59794.36605,-7238.970427,-52555.39563,0.131
728,5/1/2001,5/16/2001,6/1/2001,31,0.00595671,-56662.73024,-6393.68264,-50269.0476,0.25
729,6/1/2001,6/16/2001,7/1/2001,30,0.004534747,-55525.68209,-6297.663431,-49228.01866,0.121
730,7/1/2001,7/16/2001,8/1/2001,31,0.007173452,-55762.78034,-7100.701098,-48662.07924,0.171
731,8/1/2001,8/16/2001,9/1/2001,31,0.005022645,-62940.40833,-16940.32836,-46000.07997,0.194
732,9/1/2001,9/16/2001,10/1/2001,30,0.012447693,-57981.15254,-14982.6599,-42998.49264,0.293
733,10/1/2001,10/16/2001,11/1/2001,31,0.006255774,-57580.99788,-18942.93331,-38638.06457,0.411
734,11/1/2001,11/16/2001,12/1/2001,30,0.0013843,-65246.61959,-23901.09011,-41345.52948,0.387
735,12/1/2001,12/16/2001,1/1/2002,31,0.001094658,-69295.01575,-28140.26288,-41154.75287,0.249
736,1/1/2002,1/16/2002,2/1/2002,31,0.00052111,-69205.88762,-27837.42994,-41368.45768,0.08
737,2/1/2002,2/15/2002,3/1/2002,28,0.003799114,-65510.60565,-12747.37288,-52763.23276,0.186
738,3/1/2002,3/16/2002,4/1/2002,31,0.000835742,-70610.14108,-25699.28282,-44910.85826,0.14
739,4/1/2002,4/16/2002,5/1/2002,30,0.000993987,-74966.27005,-28613.91518,-46352.35487,0.188
740,5/1/2002,5/16/2002,6/1/2002,31,0.002152445,-76058.70408,-16566.67158,-59492.0325,0.214
741,6/1/2002,6/16/2002,7/1/2002,30,0.011002433,-63856.12427,-12727.81628,-51128.308,0.269
742,7/1/2002,7/16/2002,8/1/2002,31,0.007000568,-60834.00983,-12948.55056,-47885.45927,0.19
743,8/1/2002,8/16/2002,9/1/2002,31,0.0035814,-68975.0874,-15663.05715,-53312.03025,0.303
744,9/1/2002,9/16/2002,10/1/2002,30,0.004143587,-67273.07671,-20145.9616,-47127.11511,0.359
745,10/1/2002,10/16/2002,11/1/2002,31,0.000870155,-73776.45488,-19339.791,-54436.66389,0.392
746,11/1/2002,11/16/2002,12/1/2002,30,0.002487507,-66274.98979,-16002.19748,-50272.79231,0.251
747,12/1/2002,12/16/2002,1/1/2003,31,0.002779252,-62690.08271,-16040.37723,-46649.70548,0.19
748,1/1/2003,1/16/2003,2/1/2003,31,0.00064811,-68192.36193,-16125.85427,-52066.50766,0.115
749,2/1/2003,2/15/2003,3/1/2003,28,0.00160655,-70211.27729,-20095.12893,-50116.14837,0.057
750,3/1/2003,3/16/2003,4/1/2003,31,0.002318774,-68710.10979,-11749.43101,-56960.67879,0.159
751,4/1/2003,4/16/2003,5/1/2003,30,0.002917613,-73651.49559,-9815.572797,-63835.92279,0.243
752,5/1/2003,5/16/2003,6/1/2003,31,0.007649497,-68312.031,-9991.046172,-58320.98483,0.178
753,6/1/2003,6/16/2003,7/1/2003,30,0.00318516,-58466.94705,-17642.5426,-40824.40446,0.146
754,7/1/2003,7/16/2003,8/1/2003,31,0.002431026,-66672.0917,-29703.27162,-36968.82008,0.151
755,8/1/2003,8/16/2003,9/1/2003,31,0.006637594,-64111.44379,-16860.95682,-47250.48697,0.22
756,9/1/2003,9/16/2003,10/1/2003,30,0.0059182,-58177.99395,-18398.36315,-39779.6308,0.311
757,10/1/2003,10/16/2003,11/1/2003,31,0.00113071,-61602.08209,-24895.79864,-36706.28345,0.355
758,11/1/2003,11/16/2003,12/1/2003,30,0.004616873,-62542.57376,-19245.03359,-43297.54017,0.34
759,12/1/2003,12/16/2003,1/1/2004,31,0.001318342,-62235.83329,-14924.2913,-47311.542,0.207
760,1/1/2004,1/16/2004,2/1/2004,31,0.002295832,-63245.68347,-16023.28182,-47222.40165,0.17
761,2/1/2004,2/15/2004,3/1/2004,29,0.003651469,-61101.76771,-13322.03891,-47779.7288,0.176
762,3/1/2004,3/16/2004,4/1/2004,31,0.000366252,-64270.18686,-18774.42143,-45495.76543,0.196
763,4/1/2004,4/16/2004,5/1/2004,30,0.002924387,-64662.40437,-20757.93651,-43904.46786,0.165
764,5/1/2004,5/16/2004,6/1/2004,31,0.000899652,-66398.56517,-22670.95338,-43727.61179,0.158
765,6/1/2004,6/16/2004,7/1/2004,30,0.001882987,-68600.49444,-20299.90168,-48300.59276,0.159
766,7/1/2004,7/16/2004,8/1/2004,31,0.005342194,-61409.1482,-16581.32478,-44827.82342,0.17
767,8/1/2004,8/16/2004,9/1/2004,31,0.005878871,-51967.59851,-18642.54256,-33325.05595,0.18
768,9/1/2004,9/16/2004,10/1/2004,30,0.007141633,-48614.78194,-17619.83013,-30994.95182,0.323
769,10/1/2004,10/16/2004,11/1/2004,31,0.003274961,-53094.67435,-17350.61815,-35744.0562,0.348
770,11/1/2004,11/16/2004,12/1/2004,30,0.00040132,-58393.76243,-20585.06937,-37808.69306,0.312
771,12/1/2004,12/16/2004,1/1/2005,31,0.001537929,-60543.38789,-21335.06935,-39208.31854,0.17
772,1/1/2005,1/16/2005,2/1/2005,31,0.00090211,-61311.46015,-20593.86129,-40717.59886,0.207
773,2/1/2005,2/15/2005,3/1/2005,28,0.00015875,-64358.76026,-23588.52325,-40770.23702,0.244
774,3/1/2005,3/16/2005,4/1/2005,31,0.003501103,-61792.57378,-20780.68968,-41011.8841,0.155
775,4/1/2005,4/16/2005,5/1/2005,30,0.00122428,-63317.32137,-22395.75801,-40921.56336,0.223
776,5/1/2005,5/16/2005,6/1/2005,31,0.002923458,-74288.09602,-24180.2337,-50107.86233,0.242
777,6/1/2005,6/16/2005,7/1/2005,30,0.012474787,-63919.20185,-24698.55019,-39220.65166,0.246
778,7/1/2005,7/16/2005,8/1/2005,31,0.00367071,-69771.24498,-28797.21499,-40974.02998,0.208
779,8/1/2005,8/16/2005,9/1/2005,31,0.004929239,-79253.09099,-37281.42183,-41971.66916,0.244
780,9/1/2005,9/16/2005,10/1/2005,30,0.004631267,-72970.12146,-29161.5507,-43808.57076,0.416
781,10/1/2005,10/16/2005,11/1/2005,31,0.011175181,-63131.26635,-29628.54027,-33502.72608,0.413
782,11/1/2005,11/16/2005,12/1/2005,30,0.005884333,-60641.66613,-28364.34298,-32277.32316,0.252
783,12/1/2005,12/16/2005,1/1/2006,31,0.001378974,-64305.11034,-18830.95838,-45474.15195,0.156
